segment angle (rad),along block,time (s),central distance (cm/s),left wheel (cm/s),right wheel (cm/s)
0.0,1.0,1.5148596606010265,10.0,6.601271563355552,6.601271563355552
0.6202494859828215,0.0,0.7610686499173575,2.8221351612218375,0.0,6.601271563355552
0.0,0.0,0.13031315534411828,0.8602325267042626,6.601271563355552,6.601271563355552
0.5077295518474861,0.0,0.6230026034369233,2.310169460906062,0.0,6.601271563355552
0.0,1.0,1.5148596606010265,10.0,6.601271563355552,6.601271563355552
0.8826598717803256,0.0,1.0830557253709445,4.016102416600481,0.0,6.601271563355552
0.0,0.0,0.2846162901758504,1.8788294228055935,6.601271563355552,6.601271563355552
0.7028642635898117,0.0,0.8624399830301046,3.198032399333643,0.0,6.601271563355552
0.0,1.0,1.5148596606010265,10.0,6.601271563355552,6.601271563355552
0.3174322592154528,0.0,0.3895009128117397,1.4443167794303102,0.0,6.601271563355552
0.0,0.0,0.13717637656970427,0.9055385138137417,6.601271563355552,6.601271563355552
0.3511914691197999,0.0,0.43092468967060477,1.5979211844950896,0.0,6.601271563355552
0.0,1.0,1.3185945357547117,8.704400612473595,6.601271563355552,6.601271563355552
-0.5854020707268397,0.0,0.3148147036726215,0.0,6.601271563355552,-6.601271563355552
0.0,1.0,1.7111247854473415,11.295599387526405,6.601271563355552,6.601271563355552
0.8085154317817409,0.0,0.9920778041894601,3.678745214606921,0.0,6.601271563355552
0.0,0.0,0.2709863341980925,1.788854381999832,6.601271563355552,6.601271563355552
0.7797485059938636,0.0,0.9567797412866575,3.5478557022720794,0.0,6.601271563355552
0.0,1.0,1.5148596606010265,10.0,6.601271563355552,6.601271563355552
1.0296571433092339,0.0,1.2634267172255673,4.684940002057014,0.0,6.601271563355552
0.0,0.0,0.2579713045053102,1.7029386365926402,6.601271563355552,6.601271563355552
0.923529770494038,0.0,1.133204575695289,4.202060455747873,0.0,6.601271563355552
0.0,1.0,1.3174337161783942,8.696737727214263,6.601271563355552,6.601271563355552
-0.5890607544447564,0.0,0.3167822529658067,0.0,6.601271563355552,-6.601271563355552
0.0,1.0,1.712285605023659,11.303262272785737,6.601271563355552,6.601271563355552
0.4716515692406506,0.0,0.5787336082424852,2.1460146400449602,0.0,6.601271563355552
0.0,0.0,0.24285047794235,1.6031219541881399,6.601271563355552,6.601271563355552
0.06241880999595735,0.0,0.07659014723373268,0.2840055854816059,0.0,6.601271563355552
